mz,intensity,matched,error,error_ppm,charge,ion_type,start,end,monoisotopic,isotope,loss,sequence,theo_mz,internal,label,abs_error,abs_error_ppm
283.75152587890625,6.493505954742432,False,,,,,,,,,,,,,,,
287.60137939453125,11.096813201904297,False,,,,,,,,,,,,,,,
295.0310974121094,2.801403045654297,False,,,,,,,,,,,,,,,
305.4721374511719,2.6262259483337402,False,,,,,,,,,,,,,,,
307.4040832519531,3.9304471015930176,False,,,,,,,,,,,,,,,
308.3603210449219,9.8939208984375,False,,,,,,,,,,,,,,,
310.2251281738281,3.9618380069732666,False,,,,,,,,,,,,,,,
311.70391845703125,3.8720040321350098,False,,,,,,,,,,,,,,,
313.0328063964844,3.6680970191955566,True,0.2274486865152312,726.0694033942088,1.0,b,0.0,1.0,False,1.0,0.0,[164.07]-F,313.2602550829996,False,+b1*,0.2274486865152312,726.0694033942088
316.05462646484375,5.160672187805176,False,,,,,,,,,,,,,,,
320.38055419921875,5.133078098297119,False,,,,,,,,,,,,,,,
321.2985534667969,13.925406455993652,False,,,,,,,,,,,,,,,
326.0939636230469,7.292273998260498,False,,,,,,,,,,,,,,,
332.248291015625,13.145130157470703,False,,,,,,,,,,,,,,,
333.49542236328125,4.659064769744873,False,,,,,,,,,,,,,,,
335.06805419921875,18.960355758666992,False,,,,,,,,,,,,,,,
336.1479187011719,7.259778022766113,False,,,,,,,,,,,,,,,
337.6416320800781,13.158744812011719,False,,,,,,,,,,,,,,,
338.38299560546875,9.423209190368652,False,,,,,,,,,,,,,,,
341.45782470703125,10.963329315185547,False,,,,,,,,,,,,,,,
343.5435791015625,1.6412609815597534,False,,,,,,,,,,,,,,,
350.1072082519531,14.771483421325684,False,,,,,,,,,,,,,,,
353.22100830078125,13.144380569458008,False,,,,,,,,,,,,,,,
355.7041015625,12.64494800567627,False,,,,,,,,,,,,,,,
358.2520446777344,52.690765380859375,True,0.16132698576700477,450.1143052175732,1.0,y,15.0,18.0,False,0.0,0.0,NPK,358.4133716635014,False,+y3,0.16132698576700477,450.1143052175732
359.490478515625,14.436721801757812,True,-0.06844193615364702,-190.4222033935137,1.0,y,15.0,18.0,False,1.0,0.0,NPK,359.42203657947135,False,+y3*,0.06844193615364702,190.4222033935137
362.9978332519531,23.13944435119629,False,,,,,,,,,,,,,,,
364.97979736328125,1.6444920301437378,False,,,,,,,,,,,,,,,
365.830322265625,4.412333965301514,False,,,,,,,,,,,,,,,
368.139892578125,1.7887860536575317,False,,,,,,,,,,,,,,,
371.22955322265625,7.809957981109619,False,,,,,,,,,,,,,,,
372.36767578125,3.6434481143951416,False,,,,,,,,,,,,,,,
377.1570129394531,1.648061990737915,True,0.2650236400182848,702.1943986635249,1.0,y,15.0,18.0,False,1.0,18.0,NPK,377.4220365794714,False,+y3(18)*,0.2650236400182848,702.1943986635249
378.1915283203125,3.8173820972442627,False,,,,,,,,,,,,,,,
380.201416015625,25.57064437866211,False,,,,,,,,,,,,,,,
381.21337890625,9.733955383300781,False,,,,,,,,,,,,,,,
383.43701171875,9.783659934997559,False,,,,,,,,,,,,,,,
385.5483093261719,6.963592052459717,False,,,,,,,,,,,,,,,
389.26953125,17.547304153442383,False,,,,,,,,,,,,,,,
390.0428161621094,13.935720443725586,False,,,,,,,,,,,,,,,
391.4711608886719,3.1081960201263428,False,,,,,,,,,,,,,,,
394.5268859863281,5.130955219268799,False,,,,,,,,,,,,,,,
395.2998046875,3.5678179264068604,False,,,,,,,,,,,,,,,
398.1548156738281,27.12824249267578,False,,,,,,,,,,,,,,,
399.38580322265625,2.952544927597046,False,,,,,,,,,,,,,,,
404.27001953125,13.60185432434082,False,,,,,,,,,,,,,,,
407.01947021484375,8.618810653686523,False,,,,,,,,,,,,,,,
408.28106689453125,18.14691162109375,False,,,,,,,,,,,,,,,
409.7740478515625,1.3554450273513794,False,,,,,,,,,,,,,,,
413.2057189941406,11.547804832458496,False,,,,,,,,,,,,,,,
415.2123107910156,73.43140411376953,True,0.252463063887717,607.6641866534924,1.0,y,14.0,18.0,False,0.0,0.0,GNPK,415.46477385490334,False,+y4,0.252463063887717,607.6641866534924
415.8399353027344,0.8930670022964478,False,,,,,,,,,,,,,,,
417.2807922363281,11.975701332092285,False,,,,,,,,,,,,,,,
418.8901062011719,8.434252738952637,False,,,,,,,,,,,,,,,
421.29827880859375,10.868627548217773,False,,,,,,,,,,,,,,,
422.4627380371094,7.692440032958984,False,,,,,,,,,,,,,,,
426.24383544921875,31.430904388427734,False,,,,,,,,,,,,,,,
427.22467041015625,2.512976884841919,True,0.1144850984939012,267.9021966934734,1.0,b,0.0,2.0,False,0.0,0.0,[164.07]-FD,427.33915550865015,False,+b2,0.1144850984939012,267.9021966934734
429.38458251953125,9.42311954498291,False,,,,,,,,,,,,,,,
430.64837646484375,4.4502058029174805,False,,,,,,,,,,,,,,,
432.22161865234375,1.788625955581665,False,,,,,,,,,,,,,,,
433.86614990234375,30.99301528930664,True,-0.401376047440408,-925.9715475167156,1.0,y,14.0,18.0,False,0.0,18.0,GNPK,433.46477385490334,False,+y4(18),0.401376047440408,925.9715475167156
434.59625244140625,1.6462249755859375,True,-0.12281367053287795,-282.6724480104427,1.0,y,14.0,18.0,False,1.0,18.0,GNPK,434.4734387708734,False,+y4(18)*,0.12281367053287795,282.6724480104427
440.453857421875,4.504568099975586,False,,,,,,,,,,,,,,,
441.35394287109375,2.2248330116271973,False,,,,,,,,,,,,,,,
444.43524169921875,3.818610906600952,False,,,,,,,,,,,,,,,
450.2007141113281,18.508628845214844,False,,,,,,,,,,,,,,,
450.99176025390625,4.519959926605225,False,,,,,,,,,,,,,,,
452.17230224609375,22.264190673828125,False,,,,,,,,,,,,,,,
453.2267761230469,11.091012954711914,False,,,,,,,,,,,,,,,
455.14794921875,6.710865020751953,False,,,,,,,,,,,,,,,
457.20721435546875,1.5009069442749023,False,,,,,,,,,,,,,,,
458.4105529785156,15.4811372756958,False,,,,,,,,,,,,,,,
463.06170654296875,2.223360061645508,False,,,,,,,,,,,,,,,
466.9926452636719,4.993165016174316,False,,,,,,,,,,,,,,,
467.6393127441406,4.073272228240967,False,,,,,,,,,,,,,,,
469.34808349609375,9.050009727478027,False,,,,,,,,,,,,,,,
470.39349365234375,6.463761806488037,False,,,,,,,,,,,,,,,
473.1833801269531,5.893354892730713,False,,,,,,,,,,,,,,,
474.33740234375,16.059982299804688,False,,,,,,,,,,,,,,,
476.3509521484375,5.299543857574463,False,,,,,,,,,,,,,,,
477.3856201171875,2.647702932357788,False,,,,,,,,,,,,,,,
478.3208923339844,7.154815196990967,False,,,,,,,,,,,,,,,
479.2643737792969,14.371003150939941,False,,,,,,,,,,,,,,,
480.1044921875,7.295769214630127,False,,,,,,,,,,,,,,,
485.130615234375,52.425201416015625,False,,,,,,,,,,,,,,,
486.4154968261719,10.451237678527832,False,,,,,,,,,,,,,,,
487.19793701171875,1.9317330121994019,False,,,,,,,,,,,,,,,
490.4312744140625,5.386127948760986,False,,,,,,,,,,,,,,,
495.33172607421875,35.877655029296875,False,,,,,,,,,,,,,,,
497.4324951171875,9.165105819702148,False,,,,,,,,,,,,,,,
498.24078369140625,205.15452575683594,False,,,,,,,,,,,,,,,
499.3687744140625,32.136749267578125,False,,,,,,,,,,,,,,,
502.20587158203125,43.88085174560547,False,,,,,,,,,,,,,,,
503.75103759765625,16.80458641052246,False,,,,,,,,,,,,,,,
504.3728332519531,1.217326045036316,False,,,,,,,,,,,,,,,
508.1001892089844,14.077837944030762,False,,,,,,,,,,,,,,,
509.43487548828125,8.070131301879883,False,,,,,,,,,,,,,,,
513.244873046875,57.381675720214844,False,,,,,,,,,,,,,,,
513.8925170898438,4.781097888946533,False,,,,,,,,,,,,,,,
517.0958251953125,10.307589530944824,False,,,,,,,,,,,,,,,
518.391357421875,7.687595844268799,False,,,,,,,,,,,,,,,
519.0811767578125,4.015530109405518,False,,,,,,,,,,,,,,,
520.527099609375,9.813675880432129,False,,,,,,,,,,,,,,,
521.9918212890625,26.945613861083984,False,,,,,,,,,,,,,,,
523.3709716796875,12.161746978759766,False,,,,,,,,,,,,,,,
524.2784423828125,3.3812129497528076,False,,,,,,,,,,,,,,,
525.19873046875,3.8538949489593506,False,,,,,,,,,,,,,,,
526.07080078125,3.820175886154175,False,,,,,,,,,,,,,,,
527.1478271484375,25.48324203491211,False,,,,,,,,,,,,,,,
528.3427734375,11.368365287780762,False,,,,,,,,,,,,,,,
529.23291015625,8.33936882019043,False,,,,,,,,,,,,,,,
530.0809936523438,7.8151140213012695,False,,,,,,,,,,,,,,,
532.8099365234375,6.2751851081848145,True,-0.3933564942204839,-738.8133821807314,1.0,b,0.0,3.0,False,0.0,18.0,[164.07]-FDS,532.416580029217,False,+b3(18),0.3933564942204839,738.8133821807314
534.0711669921875,8.15139389038086,False,,,,,,,,,,,,,,,
535.13671875,8.521398544311523,False,,,,,,,,,,,,,,,
536.1796875,19.452125549316406,False,,,,,,,,,,,,,,,
537.128173828125,10.514593124389648,False,,,,,,,,,,,,,,,
538.4134521484375,18.023069381713867,False,,,,,,,,,,,,,,,
544.333984375,9.910419464111328,False,,,,,,,,,,,,,,,
545.2731323242188,11.143577575683594,False,,,,,,,,,,,,,,,
551.3291015625,8.597208976745605,False,,,,,,,,,,,,,,,
552.4200439453125,22.845008850097656,False,,,,,,,,,,,,,,,
553.2818603515625,9.001399040222168,False,,,,,,,,,,,,,,,
555.2607421875,15.9978666305542,False,,,,,,,,,,,,,,,
559.417724609375,4.437509059906006,False,,,,,,,,,,,,,,,
562.404052734375,405.051513671875,True,0.2567629325975531,456.3369714899888,1.0,y,13.0,18.0,False,0.0,0.0,M[16]GNPK,562.6608156669726,False,+y5,0.2567629325975531,456.3369714899888
563.4988403320312,48.098304748535156,True,0.17064025091133317,302.73104503521876,1.0,y,13.0,18.0,False,1.0,0.0,M[16]GNPK,563.6694805829426,False,+y5*,0.17064025091133317,302.73104503521876
565.6009521484375,3.38775897026062,False,,,,,,,,,,,,,,,
566.7379150390625,5.851103782653809,False,,,,,,,,,,,,,,,
569.473876953125,12.515772819519043,False,,,,,,,,,,,,,,,
570.5890502929688,20.03232192993164,False,,,,,,,,,,,,,,,
571.2308349609375,6.776374816894531,False,,,,,,,,,,,,,,,
572.2787475585938,19.095317840576172,False,,,,,,,,,,,,,,,
573.1492919921875,17.406980514526367,False,,,,,,,,,,,,,,,
576.46142578125,14.950230598449707,False,,,,,,,,,,,,,,,
579.1099853515625,10.360883712768555,False,,,,,,,,,,,,,,,
581.5140380859375,14.56074047088623,True,0.15544249700508317,267.23509173852557,1.0,y,13.0,18.0,False,1.0,18.0,M[16]GNPK,581.6694805829426,False,+y5(18)*,0.15544249700508317,267.23509173852557
584.2069091796875,30.957813262939453,False,,,,,,,,,,,,,,,
585.478271484375,3.9599149227142334,False,,,,,,,,,,,,,,,
588.2799682617188,2.9457991123199463,False,,,,,,,,,,,,,,,
589.5111083984375,10.556177139282227,False,,,,,,,,,,,,,,,
590.3883056640625,26.146528244018555,False,,,,,,,,,,,,,,,
591.3370361328125,14.89709758758545,False,,,,,,,,,,,,,,,
592.1075439453125,4.106139183044434,False,,,,,,,,,,,,,,,
593.38671875,3.8136069774627686,False,,,,,,,,,,,,,,,
594.6148681640625,11.580720901489258,False,,,,,,,,,,,,,,,
596.2367553710938,24.995084762573242,False,,,,,,,,,,,,,,,
597.3172607421875,22.972145080566406,False,,,,,,,,,,,,,,,
597.9432373046875,9.28032112121582,False,,,,,,,,,,,,,,,
599.349853515625,14.812905311584473,False,,,,,,,,,,,,,,,
603.377197265625,5.381608009338379,False,,,,,,,,,,,,,,,
605.4549560546875,9.4773530960083,False,,,,,,,,,,,,,,,
606.8836669921875,21.29355812072754,False,,,,,,,,,,,,,,,
608.1342163085938,24.02193260192871,False,,,,,,,,,,,,,,,
609.3029174804688,3.112401008605957,False,,,,,,,,,,,,,,,
611.3596801757812,70.05265808105469,False,,,,,,,,,,,,,,,
612.350830078125,18.329904556274414,False,,,,,,,,,,,,,,,
613.0357055664062,5.502901077270508,False,,,,,,,,,,,,,,,
613.7964477539062,26.041833877563477,False,,,,,,,,,,,,,,,
614.528076171875,9.602185249328613,False,,,,,,,,,,,,,,,
615.3931884765625,5.696084022521973,False,,,,,,,,,,,,,,,
617.2662353515625,25.979660034179688,False,,,,,,,,,,,,,,,
619.470947265625,5.926153182983398,False,,,,,,,,,,,,,,,
620.351318359375,7.735986232757568,False,,,,,,,,,,,,,,,
621.0994262695312,17.342321395874023,False,,,,,,,,,,,,,,,
623.3699340820312,4.083014011383057,False,,,,,,,,,,,,,,,
624.4893188476562,28.25296974182129,False,,,,,,,,,,,,,,,
630.0512084960938,5.977170944213867,False,,,,,,,,,,,,,,,
631.4185791015625,6.180241107940674,False,,,,,,,,,,,,,,,
632.3668823242188,59.34900665283203,False,,,,,,,,,,,,,,,
633.249755859375,6.176957130432129,False,,,,,,,,,,,,,,,
634.5529174804688,47.26947784423828,False,,,,,,,,,,,,,,,
635.3572998046875,9.258816719055176,False,,,,,,,,,,,,,,,
636.3204345703125,4.388174057006836,False,,,,,,,,,,,,,,,
637.27099609375,18.594581604003906,False,,,,,,,,,,,,,,,
638.201416015625,17.334300994873047,False,,,,,,,,,,,,,,,
642.3015747070312,63.44123458862305,False,,,,,,,,,,,,,,,
643.3341064453125,6.157310962677002,False,,,,,,,,,,,,,,,
645.329345703125,2.2625789642333984,False,,,,,,,,,,,,,,,
647.8649291992188,11.704319953918457,False,,,,,,,,,,,,,,,
648.7598876953125,17.94515609741211,False,,,,,,,,,,,,,,,
651.32275390625,21.489046096801758,False,,,,,,,,,,,,,,,
652.223388671875,7.210659027099609,False,,,,,,,,,,,,,,,
653.3741455078125,3.9318370819091797,False,,,,,,,,,,,,,,,
654.2247924804688,18.87499237060547,False,,,,,,,,,,,,,,,
655.3261108398438,2.2281229496002197,False,,,,,,,,,,,,,,,
657.757080078125,19.246631622314453,False,,,,,,,,,,,,,,,
658.4151000976562,12.592501640319824,False,,,,,,,,,,,,,,,
660.134033203125,101.69283294677734,False,,,,,,,,,,,,,,,
661.193115234375,10.691291809082031,False,,,,,,,,,,,,,,,
661.904052734375,6.576666831970215,True,-0.31327471227461956,-473.5173504249702,1.0,b,0.0,4.0,False,0.0,0.0,[164.07]-FDSF,661.5907780221004,False,+b4,0.31327471227461956,473.5173504249702
662.5166015625,4.279579162597656,True,0.08284137557041049,125.02481922272493,1.0,b,0.0,4.0,False,1.0,0.0,[164.07]-FDSF,662.5994429380704,False,+b4*,0.08284137557041049,125.02481922272493
664.2420654296875,18.3120059967041,False,,,,,,,,,,,,,,,
665.1571655273438,20.82645606994629,False,,,,,,,,,,,,,,,
666.211669921875,2.0765349864959717,False,,,,,,,,,,,,,,,
667.01953125,4.251490116119385,False,,,,,,,,,,,,,,,
668.4732666015625,3.958890914916992,False,,,,,,,,,,,,,,,
669.413818359375,28.25367546081543,False,,,,,,,,,,,,,,,
670.33544921875,2.223963975906372,False,,,,,,,,,,,,,,,
671.2256469726562,19.438091278076172,False,,,,,,,,,,,,,,,
672.297607421875,10.943571090698242,False,,,,,,,,,,,,,,,
675.31103515625,367.10504150390625,False,,,,,,,,,,,,,,,
676.3900756835938,56.04043197631836,True,0.43727671013789404,646.0683194781947,1.0,y,12.0,18.0,False,1.0,0.0,IM[16]GNPK,676.8273523937316,False,+y6*,0.43727671013789404,646.0683194781947
677.27490234375,2.7796409130096436,False,,,,,,,,,,,,,,,
678.2410888671875,3.0612449645996094,False,,,,,,,,,,,,,,,
679.2930297851562,16.92159652709961,True,0.29774823694413044,438.12871888977816,1.0,b,0.0,4.0,False,0.0,18.0,[164.07]-FDSF,679.5907780221004,False,+b4(18),0.29774823694413044,438.12871888977816
681.3851318359375,22.10678482055664,False,,,,,,,,,,,,,,,
682.57666015625,71.93132019042969,False,,,,,,,,,,,,,,,
683.3370361328125,75.86653900146484,False,,,,,,,,,,,,,,,
684.4222412109375,9.401711463928223,False,,,,,,,,,,,,,,,
685.715087890625,11.327284812927246,False,,,,,,,,,,,,,,,
686.3764038085938,8.98338794708252,False,,,,,,,,,,,,,,,
687.3701782226562,12.646134376525879,False,,,,,,,,,,,,,,,
690.4083251953125,3.9908640384674072,False,,,,,,,,,,,,,,,
694.330078125,22.521142959594727,True,0.49727426873164404,715.6803298236567,1.0,y,12.0,18.0,False,1.0,18.0,IM[16]GNPK,694.8273523937316,False,+y6(18)*,0.49727426873164404,715.6803298236567
695.3489990234375,6.9414191246032715,False,,,,,,,,,,,,,,,
698.1373291015625,3.668890953063965,False,,,,,,,,,,,,,,,
699.333251953125,27.351760864257812,False,,,,,,,,,,,,,,,
700.453369140625,12.757338523864746,False,,,,,,,,,,,,,,,
704.297119140625,13.70456314086914,False,,,,,,,,,,,,,,,
704.986328125,11.427057266235352,False,,,,,,,,,,,,,,,
707.710693359375,1.7984110116958618,False,,,,,,,,,,,,,,,
709.259765625,8.88034439086914,False,,,,,,,,,,,,,,,
710.1785888671875,33.539955139160156,False,,,,,,,,,,,,,,,
711.1907348632812,62.97456741333008,False,,,,,,,,,,,,,,,
712.2275390625,16.64279556274414,False,,,,,,,,,,,,,,,
713.2283935546875,22.969947814941406,False,,,,,,,,,,,,,,,
714.1159057617188,11.897521018981934,False,,,,,,,,,,,,,,,
714.9683837890625,2.656369924545288,False,,,,,,,,,,,,,,,
716.7421875,20.26467514038086,False,,,,,,,,,,,,,,,
717.3489990234375,39.50143814086914,False,,,,,,,,,,,,,,,
720.3824462890625,3.7756190299987793,False,,,,,,,,,,,,,,,
721.3176879882812,20.16722869873047,False,,,,,,,,,,,,,,,
722.5069580078125,9.227961540222168,False,,,,,,,,,,,,,,,
723.2999877929688,6.964044094085693,False,,,,,,,,,,,,,,,
724.2481689453125,6.849055767059326,False,,,,,,,,,,,,,,,
725.51123046875,7.9013190269470215,False,,,,,,,,,,,,,,,
728.155029296875,16.628355026245117,False,,,,,,,,,,,,,,,
729.4266967773438,10.212529182434082,False,,,,,,,,,,,,,,,
731.3175048828125,3.3747169971466064,False,,,,,,,,,,,,,,,
732.255615234375,3.2398529052734375,False,,,,,,,,,,,,,,,
734.28466796875,24.261178970336914,False,,,,,,,,,,,,,,,
735.58740234375,5.172235012054443,False,,,,,,,,,,,,,,,
737.01318359375,6.724486827850342,True,-0.371003380247771,-503.64123887155426,1.0,b,0.0,5.0,False,0.0,18.0,[164.07]-FDSFG,736.6421802135022,False,+b5(18),0.371003380247771,503.64123887155426
738.27490234375,7.3205671310424805,False,,,,,,,,,,,,,,,
740.276611328125,8.154497146606445,False,,,,,,,,,,,,,,,
741.1485595703125,13.37936782836914,False,,,,,,,,,,,,,,,
743.3521728515625,3.285240888595581,False,,,,,,,,,,,,,,,
745.0101928710938,15.715961456298828,False,,,,,,,,,,,,,,,
746.4273681640625,449.8302001953125,True,0.46933890994796457,628.3852981312682,1.0,y,11.0,18.0,False,0.0,0.0,AIM[16]GNPK,746.8967070740105,False,+y7,0.46933890994796457,628.3852981312682
747.4155883789062,71.97673034667969,True,0.4897836110742446,654.8737706898115,1.0,y,11.0,18.0,False,1.0,0.0,AIM[16]GNPK,747.9053719899805,False,+y7*,0.4897836110742446,654.8737706898115
749.6430053710938,15.057947158813477,False,,,,,,,,,,,,,,,
751.2330322265625,27.113340377807617,False,,,,,,,,,,,,,,,
752.3096313476562,7.464420795440674,False,,,,,,,,,,,,,,,
754.5918579101562,23.379365921020508,False,,,,,,,,,,,,,,,
755.7718505859375,18.915462493896484,False,,,,,,,,,,,,,,,
756.6407470703125,24.991355895996094,False,,,,,,,,,,,,,,,
757.3670654296875,3.3274660110473633,False,,,,,,,,,,,,,,,
758.285400390625,12.644418716430664,False,,,,,,,,,,,,,,,
762.4930419921875,9.30396556854248,False,,,,,,,,,,,,,,,
764.34423828125,20.904579162597656,False,,,,,,,,,,,,,,,
765.1824951171875,36.10655975341797,True,-0.28578804317703543,-373.62959015769815,1.0,y,11.0,18.0,False,0.0,18.0,AIM[16]GNPK,764.8967070740105,False,+y7(18),0.28578804317703543,373.62959015769815
766.04736328125,44.043243408203125,True,-0.14199129126950538,-185.390123195745,1.0,y,11.0,18.0,False,1.0,18.0,AIM[16]GNPK,765.9053719899805,False,+y7(18)*,0.14199129126950538,185.390123195745
767.3517456054688,93.44588470458984,False,,,,,,,,,,,,,,,
768.6474609375,45.06224060058594,False,,,,,,,,,,,,,,,
769.4922485351562,49.004608154296875,False,,,,,,,,,,,,,,,
770.4661865234375,22.710712432861328,False,,,,,,,,,,,,,,,
773.3499145507812,20.466806411743164,False,,,,,,,,,,,,,,,
775.8728637695312,24.173381805419922,False,,,,,,,,,,,,,,,
776.5711669921875,12.895177841186523,False,,,,,,,,,,,,,,,
779.926025390625,71.07478332519531,False,,,,,,,,,,,,,,,
781.2275390625,20.878002166748047,False,,,,,,,,,,,,,,,
782.1378173828125,24.390005111694336,False,,,,,,,,,,,,,,,
782.912109375,15.161628723144531,False,,,,,,,,,,,,,,,
784.051025390625,18.37444496154785,False,,,,,,,,,,,,,,,
785.1011962890625,12.601722717285156,False,,,,,,,,,,,,,,,
786.1475830078125,18.534374237060547,False,,,,,,,,,,,,,,,
787.1494140625,6.842381000518799,False,,,,,,,,,,,,,,,
788.4378662109375,21.62547492980957,False,,,,,,,,,,,,,,,
790.2022705078125,54.20956802368164,False,,,,,,,,,,,,,,,
791.0455322265625,30.317630767822266,False,,,,,,,,,,,,,,,
792.7755126953125,7.952184200286865,False,,,,,,,,,,,,,,,
794.2076416015625,32.38538360595703,False,,,,,,,,,,,,,,,
794.8856201171875,12.549341201782227,False,,,,,,,,,,,,,,,
796.421142578125,76.46075439453125,False,,,,,,,,,,,,,,,
798.0499267578125,75.98886108398438,False,,,,,,,,,,,,,,,
798.6632080078125,71.7815170288086,False,,,,,,,,,,,,,,,
799.443359375,209.2140655517578,False,,,,,,,,,,,,,,,
800.3199462890625,38.709007263183594,False,,,,,,,,,,,,,,,
801.8936767578125,1.5036460161209106,False,,,,,,,,,,,,,,,
803.322021484375,6.021700859069824,False,,,,,,,,,,,,,,,
804.7093505859375,38.21483612060547,False,,,,,,,,,,,,,,,
805.43359375,2.278662919998169,False,,,,,,,,,,,,,,,
806.2869873046875,2.3366949558258057,False,,,,,,,,,,,,,,,
808.1650390625,11.217023849487305,False,,,,,,,,,,,,,,,
809.360595703125,2.3442699909210205,False,,,,,,,,,,,,,,,
810.0982666015625,1.21110200881958,False,,,,,,,,,,,,,,,
811.546630859375,2.5103518962860107,False,,,,,,,,,,,,,,,
812.3951416015625,12.395451545715332,False,,,,,,,,,,,,,,,
813.171630859375,6.35628080368042,False,,,,,,,,,,,,,,,
813.881591796875,113.04401397705078,False,,,,,,,,,,,,,,,
814.634033203125,90.34258270263672,False,,,,,,,,,,,,,,,
815.365234375,66.92194366455078,False,,,,,,,,,,,,,,,
816.088134765625,4.924015045166016,False,,,,,,,,,,,,,,,
817.2275390625,16.973310470581055,False,,,,,,,,,,,,,,,
820.2298583984375,13.633172988891602,False,,,,,,,,,,,,,,,
821.3187255859375,13.969715118408203,False,,,,,,,,,,,,,,,
821.975830078125,3.959852933883667,False,,,,,,,,,,,,,,,
822.611328125,25.306316375732422,False,,,,,,,,,,,,,,,
824.2138671875,11.723189353942871,False,,,,,,,,,,,,,,,
825.1177978515625,54.69910430908203,False,,,,,,,,,,,,,,,
830.10595703125,17.46441078186035,False,,,,,,,,,,,,,,,
830.8505859375,18.916851043701172,False,,,,,,,,,,,,,,,
832.385009765625,311.00360107421875,False,,,,,,,,,,,,,,,
833.427978515625,979.6467895507812,True,0.30176703949780403,361.9482705356498,1.0,b,0.0,6.0,False,0.0,0.0,[164.07]-FDSFGD,833.7297455551228,False,+b6,0.30176703949780403,361.9482705356498
834.4366455078125,215.6365966796875,True,0.3017649632803341,361.5084192783582,1.0,b,0.0,6.0,False,1.0,0.0,[164.07]-FDSFGD,834.7384104710928,False,+b6*,0.3017649632803341,361.5084192783582
835.07568359375,16.184921264648438,True,-0.0928870832026405,-111.24430777594729,1.0,y,10.0,18.0,False,1.0,0.0,SAIM[16]GNPK,834.9827965105474,False,+y8*,0.0928870832026405,111.24430777594729
836.5562744140625,19.470211029052734,False,,,,,,,,,,,,,,,
837.765625,19.22510528564453,False,,,,,,,,,,,,,,,
839.373291015625,46.02933120727539,False,,,,,,,,,,,,,,,
840.3785400390625,108.0014877319336,False,,,,,,,,,,,,,,,
841.547119140625,24.80980110168457,False,,,,,,,,,,,,,,,
844.396728515625,15.088540077209473,False,,,,,,,,,,,,,,,
845.27685546875,3.9358110427856445,False,,,,,,,,,,,,,,,
848.4569091796875,94.45562744140625,False,,,,,,,,,,,,,,,
850.608642578125,7.264607906341553,False,,,,,,,,,,,,,,,
852.1409912109375,23.43021011352539,True,-0.16685961636017055,-195.8505665516765,1.0,y,10.0,18.0,False,0.0,18.0,SAIM[16]GNPK,851.9741315945773,False,+y8(18),0.16685961636017055,195.8505665516765
854.625244140625,34.73481750488281,False,,,,,,,,,,,,,,,
855.4239501953125,27.207273483276367,False,,,,,,,,,,,,,,,
856.7286376953125,183.59762573242188,False,,,,,,,,,,,,,,,
857.678955078125,48.737762451171875,False,,,,,,,,,,,,,,,
858.5076904296875,20.54396629333496,False,,,,,,,,,,,,,,,
859.4840087890625,21.632871627807617,False,,,,,,,,,,,,,,,
862.40185546875,44.78861999511719,False,,,,,,,,,,,,,,,
864.6766357421875,3.5738000869750977,False,,,,,,,,,,,,,,,
865.399658203125,7.4932708740234375,False,,,,,,,,,,,,,,,
866.201416015625,14.760412216186523,False,,,,,,,,,,,,,,,
867.3564453125,25.95339012145996,False,,,,,,,,,,,,,,,
869.3114013671875,21.26956558227539,False,,,,,,,,,,,,,,,
870.990966796875,3.8554749488830566,False,,,,,,,,,,,,,,,
872.290771484375,4.370858192443848,False,,,,,,,,,,,,,,,
875.4326171875,4.977350234985352,False,,,,,,,,,,,,,,,
878.1998291015625,1.6467009782791138,False,,,,,,,,,,,,,,,
879.9923095703125,11.020376205444336,False,,,,,,,,,,,,,,,
880.59619140625,30.899002075195312,False,,,,,,,,,,,,,,,
882.3489990234375,20.763721466064453,False,,,,,,,,,,,,,,,
883.3433837890625,29.157407760620117,False,,,,,,,,,,,,,,,
884.6275634765625,19.4783878326416,False,,,,,,,,,,,,,,,
886.7642822265625,34.861148834228516,False,,,,,,,,,,,,,,,
887.6802978515625,16.320459365844727,False,,,,,,,,,,,,,,,
888.4190673828125,28.83763313293457,False,,,,,,,,,,,,,,,
889.8729248046875,25.790996551513672,False,,,,,,,,,,,,,,,
890.4974365234375,4.758450031280518,False,,,,,,,,,,,,,,,
891.749267578125,5.014815807342529,False,,,,,,,,,,,,,,,
892.38818359375,16.043514251708984,False,,,,,,,,,,,,,,,
893.14013671875,12.282855987548828,False,,,,,,,,,,,,,,,
894.2205810546875,7.399072170257568,False,,,,,,,,,,,,,,,
895.65966796875,5.926276206970215,False,,,,,,,,,,,,,,,
897.41162109375,11.247325897216797,False,,,,,,,,,,,,,,,
898.4771728515625,8.560768127441406,False,,,,,,,,,,,,,,,
899.3060302734375,36.8495979309082,False,,,,,,,,,,,,,,,
900.27392578125,24.53424072265625,False,,,,,,,,,,,,,,,
901.1236572265625,31.04298210144043,False,,,,,,,,,,,,,,,
902.4427490234375,29.487897872924805,False,,,,,,,,,,,,,,,
904.4163818359375,497.80230712890625,False,,,,,,,,,,,,,,,
905.3526611328125,107.7200698852539,True,-0.30050994198643366,-332.0360507303767,1.0,y,9.0,18.0,False,0.0,0.0,ASAIM[16]GNPK,905.0521511908261,False,+y9,0.30050994198643366,332.0360507303767
906.4632568359375,31.14236831665039,True,-0.4024407291414036,-444.1652502650203,1.0,y,9.0,18.0,False,1.0,0.0,ASAIM[16]GNPK,906.0608161067961,False,+y9*,0.4024407291414036,444.1652502650203
909.06103515625,64.79615783691406,False,,,,,,,,,,,,,,,
910.1824951171875,14.582763671875,False,,,,,,,,,,,,,,,
911.0394287109375,12.176151275634766,False,,,,,,,,,,,,,,,
915.3687744140625,12.317439079284668,False,,,,,,,,,,,,,,,
917.316162109375,55.85960388183594,False,,,,,,,,,,,,,,,
919.44873046875,4.8021111488342285,False,,,,,,,,,,,,,,,
920.208740234375,16.427257537841797,False,,,,,,,,,,,,,,,
921.3616943359375,21.958057403564453,False,,,,,,,,,,,,,,,
921.9796142578125,9.060343742370605,False,,,,,,,,,,,,,,,
923.2547607421875,11.032974243164062,True,-0.20260955136143366,-219.49957117812667,1.0,y,9.0,18.0,False,0.0,18.0,ASAIM[16]GNPK,923.0521511908261,False,+y9(18),0.20260955136143366,219.49957117812667
924.6827392578125,8.30355453491211,False,,,,,,,,,,,,,,,
925.5867919921875,7.690586090087891,False,,,,,,,,,,,,,,,
927.187744140625,304.7237548828125,False,,,,,,,,,,,,,,,
927.882568359375,40.63981628417969,False,,,,,,,,,,,,,,,
928.501953125,76.81981658935547,False,,,,,,,,,,,,,,,
929.3492431640625,14.867746353149414,False,,,,,,,,,,,,,,,
930.167724609375,30.868053436279297,False,,,,,,,,,,,,,,,
931.146484375,13.427282333374023,False,,,,,,,,,,,,,,,
932.0445556640625,3.5264079570770264,False,,,,,,,,,,,,,,,
933.2406005859375,6.819840908050537,False,,,,,,,,,,,,,,,
936.3369140625,42.2534065246582,False,,,,,,,,,,,,,,,
937.2022705078125,6.540798187255859,False,,,,,,,,,,,,,,,
938.2178955078125,7.398047924041748,False,,,,,,,,,,,,,,,
939.4600830078125,16.356502532958984,False,,,,,,,,,,,,,,,
940.879638671875,13.61316204071045,False,,,,,,,,,,,,,,,
941.5511474609375,7.549289226531982,False,,,,,,,,,,,,,,,
943.10498046875,5.383053779602051,False,,,,,,,,,,,,,,,
944.3572998046875,26.00201416015625,False,,,,,,,,,,,,,,,
945.3360595703125,514.112060546875,False,,,,,,,,,,,,,,,
946.3642578125,158.64157104492188,False,,,,,,,,,,,,,,,
947.3411865234375,58.288780212402344,True,-0.4535691575255214,-479.01054909480956,1.0,b,0.0,7.0,False,0.0,0.0,[164.07]-FDSFGDL,946.887617365912,False,+b7,0.4535691575255214,479.01054909480956
948.350341796875,52.26762771606445,True,-0.45405951499299135,-479.01814099315646,1.0,b,0.0,7.0,False,1.0,0.0,[164.07]-FDSFGDL,947.896282281882,False,+b7*,0.45405951499299135,479.01814099315646
949.202392578125,9.984763145446777,False,,,,,,,,,,,,,,,
950.454345703125,18.264801025390625,False,,,,,,,,,,,,,,,
953.5390625,36.80093765258789,False,,,,,,,,,,,,,,,
954.2987060546875,3.925757884979248,False,,,,,,,,,,,,,,,
954.98486328125,7.846374988555908,False,,,,,,,,,,,,,,,
955.8011474609375,6.41656494140625,False,,,,,,,,,,,,,,,
956.738037109375,29.660776138305664,False,,,,,,,,,,,,,,,
958.5985107421875,30.174816131591797,False,,,,,,,,,,,,,,,
960.617919921875,13.462434768676758,False,,,,,,,,,,,,,,,
961.9549560546875,26.80193328857422,False,,,,,,,,,,,,,,,
964.685791015625,9.572931289672852,True,0.2018263502869786,209.1708367425763,1.0,b,0.0,7.0,False,0.0,18.0,[164.07]-FDSFGDL,964.887617365912,False,+b7(18),0.2018263502869786,209.1708367425763
966.09228515625,13.461918830871582,True,-0.19600287436799135,-202.92331377955435,1.0,b,0.0,7.0,False,1.0,18.0,[164.07]-FDSFGDL,965.896282281882,False,+b7(18)*,0.19600287436799135,202.92331377955435
967.5628662109375,18.168354034423828,False,,,,,,,,,,,,,,,
968.4407958984375,7.562727928161621,False,,,,,,,,,,,,,,,
969.7296142578125,58.977027893066406,False,,,,,,,,,,,,,,,
970.7305908203125,172.42697143554688,False,,,,,,,,,,,,,,,
971.61328125,27.08095359802246,False,,,,,,,,,,,,,,,
972.427001953125,7.571496963500977,False,,,,,,,,,,,,,,,
973.3450927734375,25.057212829589844,False,,,,,,,,,,,,,,,
974.245361328125,17.889034271240234,False,,,,,,,,,,,,,,,
974.92919921875,5.122306823730469,False,,,,,,,,,,,,,,,
978.7633056640625,174.03213500976562,False,,,,,,,,,,,,,,,
979.4927978515625,621.7925415039062,False,,,,,,,,,,,,,,,
980.22998046875,821.2476806640625,False,,,,,,,,,,,,,,,
981.6455078125,63.34523010253906,False,,,,,,,,,,,,,,,
982.4930419921875,6.7772979736328125,False,,,,,,,,,,,,,,,
983.3431396484375,4.1082940101623535,False,,,,,,,,,,,,,,,
984.822265625,53.70677947998047,False,,,,,,,,,,,,,,,
985.691650390625,31.978601455688477,False,,,,,,,,,,,,,,,
987.4779052734375,52.8931884765625,False,,,,,,,,,,,,,,,
988.3126220703125,17.456315994262695,False,,,,,,,,,,,,,,,
989.402587890625,16.742616653442383,False,,,,,,,,,,,,,,,
991.4273681640625,1042.701171875,False,,,,,,,,,,,,,,,
992.476806640625,298.71820068359375,True,-0.3472309292319551,-349.985463323153,1.0,y,8.0,18.0,False,0.0,0.0,SASAIM[16]GNPK,992.129575711393,False,+y10,0.3472309292319551,349.985463323153
994.179443359375,396.86663818359375,False,,,,,,,,,,,,,,,
994.8538818359375,30.69138526916504,False,,,,,,,,,,,,,,,
996.37744140625,59.73891830444336,False,,,,,,,,,,,,,,,
997.6502685546875,18.692840576171875,False,,,,,,,,,,,,,,,
998.586181640625,2.2251060009002686,False,,,,,,,,,,,,,,,
1025.4976806640625,29.48668098449707,False,,,,,,,,,,,,,,,
1028.4560546875,6.753218173980713,False,,,,,,,,,,,,,,,
1030.479248046875,2.228055000305176,False,,,,,,,,,,,,,,,
1032.4598388671875,2.480674982070923,False,,,,,,,,,,,,,,,
1033.503662109375,18.22907257080078,True,0.46137977710395717,446.2237681287226,1.0,b,0.0,8.0,False,0.0,0.0,[164.07]-FDSFGDLS,1033.965041886479,False,+b8,0.46137977710395717,446.2237681287226
1036.303466796875,12.162531852722168,False,,,,,,,,,,,,,,,
1038.20166015625,16.16513442993164,False,,,,,,,,,,,,,,,
1039.3076171875,7.980669975280762,False,,,,,,,,,,,,,,,
1040.379150390625,5.440310955047607,False,,,,,,,,,,,,,,,
1040.9794921875,7.187829971313477,False,,,,,,,,,,,,,,,
1042.2996826171875,69.58728790283203,False,,,,,,,,,,,,,,,
1043.451904296875,27.65591049194336,False,,,,,,,,,,,,,,,
1044.5484619140625,1.932229995727539,False,,,,,,,,,,,,,,,
1049.2838134765625,5.820962905883789,False,,,,,,,,,,,,,,,
1053.765869140625,7.851081848144531,False,,,,,,,,,,,,,,,
1054.4544677734375,3.043787956237793,False,,,,,,,,,,,,,,,
1055.35986328125,9.157644271850586,False,,,,,,,,,,,,,,,
1057.414794921875,47.249595642089844,False,,,,,,,,,,,,,,,
1059.0634765625,11.750919342041016,False,,,,,,,,,,,,,,,
1060.46435546875,110.33499145507812,False,,,,,,,,,,,,,,,
1061.240966796875,19.8771915435791,False,,,,,,,,,,,,,,,
1061.85009765625,48.165706634521484,False,,,,,,,,,,,,,,,
1062.4591064453125,2.0223569869995117,False,,,,,,,,,,,,,,,
1065.43701171875,12.4244384765625,False,,,,,,,,,,,,,,,
1066.324951171875,5.455383777618408,False,,,,,,,,,,,,,,,
1067.5498046875,23.094602584838867,False,,,,,,,,,,,,,,,
1068.5977783203125,5.41303014755249,False,,,,,,,,,,,,,,,
1071.799560546875,3.6679630279541016,False,,,,,,,,,,,,,,,
1076.6060791015625,10.756640434265137,False,,,,,,,,,,,,,,,
1077.902587890625,113.07219696044922,False,,,,,,,,,,,,,,,
1078.509521484375,1543.968017578125,False,,,,,,,,,,,,,,,
1079.5299072265625,403.84979248046875,True,-0.32290699460236283,-299.2076538911984,1.0,y,7.0,18.0,False,0.0,0.0,SSASAIM[16]GNPK,1079.2070002319601,False,+y11,0.32290699460236283,299.2076538911984
1082.739013671875,11.438250541687012,False,,,,,,,,,,,,,,,
1083.652099609375,60.678062438964844,False,,,,,,,,,,,,,,,
1084.35791015625,39.33074188232422,False,,,,,,,,,,,,,,,
1085.0794677734375,32.408241271972656,False,,,,,,,,,,,,,,,
1086.14990234375,20.94598388671875,False,,,,,,,,,,,,,,,
1086.806396484375,9.53133773803711,False,,,,,,,,,,,,,,,
1090.3056640625,11.417344093322754,False,,,,,,,,,,,,,,,
1092.486572265625,3.693444013595581,False,,,,,,,,,,,,,,,
1096.873046875,9.814254760742188,True,0.33395335696013717,304.3667757219342,1.0,y,7.0,18.0,False,0.0,18.0,SSASAIM[16]GNPK,1097.2070002319601,False,+y11(18),0.33395335696013717,304.3667757219342
1101.3399658203125,126.45907592773438,False,,,,,,,,,,,,,,,
1102.520263671875,36.28965377807617,False,,,,,,,,,,,,,,,
1103.6162109375,12.251236915588379,False,,,,,,,,,,,,,,,
1107.62841796875,6.094750881195068,False,,,,,,,,,,,,,,,
1110.90576171875,5.35880184173584,False,,,,,,,,,,,,,,,
1115.56005859375,6.108119010925293,False,,,,,,,,,,,,,,,
1119.3170166015625,121.80290222167969,False,,,,,,,,,,,,,,,
1120.50927734375,69.35314178466797,False,,,,,,,,,,,,,,,
1122.307373046875,2.6567130088806152,True,-0.2562417238589205,-228.36902588992058,1.0,b,0.0,9.0,False,1.0,0.0,[164.07]-FDSFGDLSS,1122.051131323016,False,+b9*,0.2562417238589205,228.36902588992058
1123.6158447265625,6.961999893188477,False,,,,,,,,,,,,,,,
1124.326171875,2.9712729454040527,False,,,,,,,,,,,,,,,
1125.467041015625,6.552138805389404,False,,,,,,,,,,,,,,,
1126.7044677734375,22.162647247314453,False,,,,,,,,,,,,,,,
1127.611572265625,61.03587341308594,False,,,,,,,,,,,,,,,
1128.63134765625,17.246387481689453,False,,,,,,,,,,,,,,,
1129.5198974609375,15.741142272949219,False,,,,,,,,,,,,,,,
1133.68408203125,3.9319450855255127,False,,,,,,,,,,,,,,,
1136.33740234375,9.022869110107422,False,,,,,,,,,,,,,,,
1137.696533203125,13.108787536621094,False,,,,,,,,,,,,,,,
1138.65966796875,12.34077262878418,True,0.3827984382960494,336.07038331374497,1.0,b,0.0,9.0,False,0.0,18.0,[164.07]-FDSFGDLSS,1139.042466407046,False,+b9(18),0.3827984382960494,336.07038331374497
1139.5621337890625,6.178851127624512,True,0.4889975339535795,428.92596701878057,1.0,b,0.0,9.0,False,1.0,18.0,[164.07]-FDSFGDLSS,1140.051131323016,False,+b9(18)*,0.4889975339535795,428.92596701878057
1144.0982666015625,22.03479766845703,False,,,,,,,,,,,,,,,
1146.5443115234375,11.868593215942383,False,,,,,,,,,,,,,,,
1149.28173828125,19.254013061523438,False,,,,,,,,,,,,,,,
1151.3262939453125,31.879798889160156,False,,,,,,,,,,,,,,,
1152.234619140625,5.220380783081055,False,,,,,,,,,,,,,,,
1154.266357421875,102.95606994628906,False,,,,,,,,,,,,,,,
1155.7125244140625,51.5623664855957,False,,,,,,,,,,,,,,,
1156.6068115234375,33.257694244384766,False,,,,,,,,,,,,,,,
1158.216552734375,7.032395839691162,False,,,,,,,,,,,,,,,
1162.5198974609375,6.382627010345459,False,,,,,,,,,,,,,,,
1164.5631103515625,1.0944249629974365,False,,,,,,,,,,,,,,,
1165.363037109375,3.9404571056365967,False,,,,,,,,,,,,,,,
1166.6298828125,29.609102249145508,False,,,,,,,,,,,,,,,
1167.3782958984375,35.44910430908203,False,,,,,,,,,,,,,,,
1169.220703125,41.21980285644531,False,,,,,,,,,,,,,,,
1170.32568359375,22.420495986938477,False,,,,,,,,,,,,,,,
1172.3995361328125,293.5399169921875,False,,,,,,,,,,,,,,,
1173.380126953125,101.4942626953125,False,,,,,,,,,,,,,,,
1174.279052734375,9.931173324584961,False,,,,,,,,,,,,,,,
1178.6962890625,8.723358154296875,False,,,,,,,,,,,,,,,
1181.4210205078125,4.238530158996582,False,,,,,,,,,,,,,,,
1190.3680419921875,301.9934387207031,False,,,,,,,,,,,,,,,
1191.4735107421875,757.8533935546875,False,,,,,,,,,,,,,,,
1192.45458984375,274.65118408203125,True,-0.08971780100068827,-75.24357946488686,1.0,y,6.0,18.0,False,0.0,0.0,LSSASAIM[16]GNPK,1192.3648720427493,False,+y12,0.08971780100068827,75.24357946488686
1193.1552734375,14.667292594909668,True,-0.02612251823529732,-21.894124550700003,1.0,b,0.0,10.0,False,1.0,0.0,[164.07]-FDSFGDLSSA,1193.1291509192647,False,+b10*,0.02612251823529732,21.894124550700003
1198.3643798828125,1.9369640350341797,False,,,,,,,,,,,,,,,
1199.149658203125,5.023824214935303,False,,,,,,,,,,,,,,,
1200.965576171875,1.7846020460128784,False,,,,,,,,,,,,,,,
1205.6431884765625,52.08238983154297,False,,,,,,,,,,,,,,,
1208.9180908203125,18.258869171142578,False,,,,,,,,,,,,,,,
1213.761962890625,4.253032207489014,False,,,,,,,,,,,,,,,
1214.572509765625,16.779848098754883,False,,,,,,,,,,,,,,,
1215.4027099609375,3.8646628856658936,False,,,,,,,,,,,,,,,
1217.238525390625,12.336935043334961,False,,,,,,,,,,,,,,,
1223.81201171875,3.236175060272217,False,,,,,,,,,,,,,,,
1224.736083984375,4.446352958679199,False,,,,,,,,,,,,,,,
1226.6162109375,19.375688552856445,False,,,,,,,,,,,,,,,
1228.294677734375,3.0841848850250244,False,,,,,,,,,,,,,,,
1229.1351318359375,5.374312877655029,False,,,,,,,,,,,,,,,
1230.7447509765625,5.9204487800598145,False,,,,,,,,,,,,,,,
1231.450439453125,6.1092209815979,False,,,,,,,,,,,,,,,
1233.5418701171875,3.928752899169922,False,,,,,,,,,,,,,,,
1237.1427001953125,3.6953659057617188,False,,,,,,,,,,,,,,,
1239.7783203125,15.212591171264648,False,,,,,,,,,,,,,,,
1241.4285888671875,51.32778549194336,False,,,,,,,,,,,,,,,
1242.6033935546875,20.56414031982422,False,,,,,,,,,,,,,,,
1243.826171875,5.750033855438232,False,,,,,,,,,,,,,,,
1249.720947265625,5.952960014343262,False,,,,,,,,,,,,,,,
1250.680908203125,4.951523780822754,False,,,,,,,,,,,,,,,
1253.5618896484375,3.407655954360962,False,,,,,,,,,,,,,,,
1256.6495361328125,1.979902982711792,False,,,,,,,,,,,,,,,
1259.197265625,145.33535766601562,False,,,,,,,,,,,,,,,
1260.0311279296875,17.10462760925293,False,,,,,,,,,,,,,,,
1260.650634765625,11.347933769226074,False,,,,,,,,,,,,,,,
1262.6923828125,10.60317611694336,False,,,,,,,,,,,,,,,
1263.818359375,9.955406188964844,False,,,,,,,,,,,,,,,
1267.71728515625,2.0716679096221924,False,,,,,,,,,,,,,,,
1269.40771484375,2.660240888595581,False,,,,,,,,,,,,,,,
1270.40625,6.261439800262451,False,,,,,,,,,,,,,,,
1277.253662109375,166.01242065429688,False,,,,,,,,,,,,,,,
1278.536865234375,88.3841781616211,False,,,,,,,,,,,,,,,
1279.569091796875,4.182920932769775,True,-0.3711812730134625,-290.16719771020814,1.0,b,0.0,11.0,False,0.0,0.0,[164.07]-FDSFGDLSSAS,1279.1979105238615,False,+b11,0.3711812730134625,290.16719771020814
1280.639892578125,12.693682670593262,True,-0.43331713829343244,-338.47438890443186,1.0,b,0.0,11.0,False,1.0,0.0,[164.07]-FDSFGDLSSAS,1280.2065754398316,False,+b11*,0.43331713829343244,338.47438890443186
1281.757080078125,32.08024215698242,False,,,,,,,,,,,,,,,
1285.2396240234375,18.66655158996582,False,,,,,,,,,,,,,,,
1285.8531494140625,1.168571949005127,False,,,,,,,,,,,,,,,
1287.993896484375,15.72142219543457,False,,,,,,,,,,,,,,,
1288.884521484375,7.222568035125732,False,,,,,,,,,,,,,,,
1289.6422119140625,19.48663902282715,False,,,,,,,,,,,,,,,
1291.822265625,5.86873197555542,False,,,,,,,,,,,,,,,
1294.7813720703125,33.283390045166016,False,,,,,,,,,,,,,,,
1295.75732421875,6.549903869628906,False,,,,,,,,,,,,,,,
1296.5927734375,10.694401741027832,False,,,,,,,,,,,,,,,
1298.4910888671875,45.541961669921875,True,-0.28451342735593244,-219.15882474985884,1.0,b,0.0,11.0,False,1.0,18.0,[164.07]-FDSFGDLSSAS,1298.2065754398316,False,+b11(18)*,0.28451342735593244,219.15882474985884
1299.353759765625,29.73198127746582,False,,,,,,,,,,,,,,,
1300.3719482421875,12.320871353149414,False,,,,,,,,,,,,,,,
1302.9365234375,15.34595775604248,False,,,,,,,,,,,,,,,
1303.93896484375,9.683271408081055,False,,,,,,,,,,,,,,,
1306.5545654296875,161.4432830810547,False,,,,,,,,,,,,,,,
1307.521728515625,122.92442321777344,True,-0.06929113125511321,-52.99705692830701,1.0,y,5.0,18.0,False,0.0,0.0,DLSSASAIM[16]GNPK,1307.45243738437,False,+y13,0.06929113125511321,52.99705692830701
1308.180908203125,2.3450350761413574,True,0.28019409721491684,214.14018095174677,1.0,y,5.0,18.0,False,1.0,0.0,DLSSASAIM[16]GNPK,1308.46110230034,False,+y13*,0.28019409721491684,214.14018095174677
1311.2091064453125,2.917069911956787,False,,,,,,,,,,,,,,,
1312.2977294921875,54.09943771362305,False,,,,,,,,,,,,,,,
1313.3885498046875,65.65288543701172,False,,,,,,,,,,,,,,,
1315.64111328125,8.838789939880371,False,,,,,,,,,,,,,,,
1316.6883544921875,6.263451099395752,False,,,,,,,,,,,,,,,
1318.843505859375,17.979278564453125,False,,,,,,,,,,,,,,,
1323.3724365234375,5.236958980560303,False,,,,,,,,,,,,,,,
1327.708984375,29.739097595214844,False,,,,,,,,,,,,,,,
1328.3946533203125,3.2622480392456055,False,,,,,,,,,,,,,,,
1330.3267822265625,82.02999114990234,False,,,,,,,,,,,,,,,
1331.3651123046875,45.53959655761719,False,,,,,,,,,,,,,,,
1340.0499267578125,5.806835174560547,False,,,,,,,,,,,,,,,
1340.8079833984375,8.932220458984375,False,,,,,,,,,,,,,,,
1342.3917236328125,3.411674976348877,False,,,,,,,,,,,,,,,
1345.6326904296875,55.68766784667969,False,,,,,,,,,,,,,,,
1346.7154541015625,39.691802978515625,False,,,,,,,,,,,,,,,
1348.3193359375,73.65141296386719,False,,,,,,,,,,,,,,,
1349.06884765625,43.86985778808594,False,,,,,,,,,,,,,,,
1349.80322265625,20.080371856689453,True,0.4727074638601607,350.08212270962446,1.0,b,0.0,12.0,False,0.0,0.0,[164.07]-FDSFGDLSSASA,1350.2759301201102,False,+b12,0.4727074638601607,350.08212270962446
1351.7470703125,6.1902008056640625,True,-0.46247527641980923,-342.2486115202555,1.0,b,0.0,12.0,False,1.0,0.0,[164.07]-FDSFGDLSSASA,1351.2845950360802,False,+b12*,0.46247527641980923,342.2486115202555
1354.3409423828125,6.573697090148926,False,,,,,,,,,,,,,,,
1355.2227783203125,11.552412986755371,False,,,,,,,,,,,,,,,
1356.4620361328125,18.91057586669922,False,,,,,,,,,,,,,,,
1361.67822265625,7.807085037231445,False,,,,,,,,,,,,,,,
1363.541748046875,952.6138916015625,False,,,,,,,,,,,,,,,
1364.6783447265625,377.9239501953125,True,-0.17450515079076467,-127.88908739532665,1.0,y,4.0,18.0,False,0.0,0.0,GDLSSASAIM[16]GNPK,1364.5038395757717,False,+y14,0.17450515079076467,127.88908739532665
1370.736572265625,11.532435417175293,False,,,,,,,,,,,,,,,
1371.5877685546875,15.245439529418945,False,,,,,,,,,,,,,,,
1372.7156982421875,2.217935085296631,False,,,,,,,,,,,,,,,
1373.7025146484375,18.24813461303711,False,,,,,,,,,,,,,,,
1376.0313720703125,14.299359321594238,False,,,,,,,,,,,,,,,
1381.6151123046875,4.656536102294922,False,,,,,,,,,,,,,,,
1382.98681640625,2.685961961746216,True,-0.4829768304782647,-349.3493592223719,1.0,y,4.0,18.0,False,0.0,18.0,GDLSSASAIM[16]GNPK,1382.5038395757717,False,+y14(18),0.4829768304782647,349.3493592223719
1390.8377685546875,15.50676155090332,False,,,,,,,,,,,,,,,
1391.5411376953125,9.292781829833984,False,,,,,,,,,,,,,,,
1395.1458740234375,10.974713325500488,False,,,,,,,,,,,,,,,
1408.527099609375,23.743408203125,False,,,,,,,,,,,,,,,
1409.4344482421875,12.054468154907227,False,,,,,,,,,,,,,,,
1416.421875,9.006731986999512,False,,,,,,,,,,,,,,,
1421.5865478515625,8.945581436157227,False,,,,,,,,,,,,,,,
1425.598876953125,61.589576721191406,False,,,,,,,,,,,,,,,
1426.5491943359375,27.886531829833984,False,,,,,,,,,,,,,,,
1428.40185546875,6.388432025909424,False,,,,,,,,,,,,,,,
1429.9017333984375,3.320348024368286,False,,,,,,,,,,,,,,,
1433.12841796875,30.68198585510254,False,,,,,,,,,,,,,,,
1433.8919677734375,9.279341697692871,False,,,,,,,,,,,,,,,
1437.5096435546875,14.370709419250488,False,,,,,,,,,,,,,,,
1439.898681640625,7.308615207672119,False,,,,,,,,,,,,,,,
1443.4605712890625,150.65689086914062,False,,,,,,,,,,,,,,,
1444.6446533203125,44.598262786865234,False,,,,,,,,,,,,,,,
1448.4100341796875,3.8751060962677,False,,,,,,,,,,,,,,,
1450.8218994140625,2.3990390300750732,False,,,,,,,,,,,,,,,
1452.2930908203125,8.425795555114746,False,,,,,,,,,,,,,,,
1455.716552734375,5.403678894042969,False,,,,,,,,,,,,,,,
1461.47998046875,224.13563537597656,False,,,,,,,,,,,,,,,
1462.3521728515625,103.04606628417969,False,,,,,,,,,,,,,,,
1463.4609375,7.004593849182129,True,-0.027135569100664725,-18.54239601740866,1.0,b,0.0,13.0,False,0.0,0.0,[164.07]-FDSFGDLSSASAI,1463.4338019308993,False,+b13,0.027135569100664725,18.54239601740866
1468.6063232421875,5.683524131774902,False,,,,,,,,,,,,,,,
1469.336669921875,37.897029876708984,False,,,,,,,,,,,,,,,
1470.6263427734375,10.847969055175781,False,,,,,,,,,,,,,,,
1474.4024658203125,3.4132449626922607,False,,,,,,,,,,,,,,,
1477.3895263671875,3.7259719371795654,False,,,,,,,,,,,,,,,
1478.0738525390625,8.795668601989746,False,,,,,,,,,,,,,,,
1484.71142578125,17.29235076904297,False,,,,,,,,,,,,,,,
1485.7523193359375,14.534217834472656,False,,,,,,,,,,,,,,,
1486.898193359375,16.326587677001953,False,,,,,,,,,,,,,,,
1492.2603759765625,7.28139591217041,False,,,,,,,,,,,,,,,
1492.932861328125,5.523359775543213,False,,,,,,,,,,,,,,,
1494.0655517578125,4.399162769317627,False,,,,,,,,,,,,,,,
1495.2655029296875,16.44790267944336,False,,,,,,,,,,,,,,,
1503.872314453125,2.786597967147827,False,,,,,,,,,,,,,,,
1508.8258056640625,2.225054979324341,False,,,,,,,,,,,,,,,
1510.6141357421875,240.09463500976562,False,,,,,,,,,,,,,,,
1511.693115234375,79.98548126220703,True,-0.015077665719900324,-9.974125008888045,1.0,y,3.0,18.0,False,0.0,0.0,FGDLSSASAIM[16]GNPK,1511.678037568655,False,+y15,0.015077665719900324,9.974125008888045
1516.6387939453125,9.632720947265625,False,,,,,,,,,,,,,,,
1526.6019287109375,12.610979080200195,False,,,,,,,,,,,,,,,
1527.404541015625,7.291560173034668,False,,,,,,,,,,,,,,,
1533.9642333984375,7.974833965301514,False,,,,,,,,,,,,,,,
1536.1888427734375,6.2639479637146,False,,,,,,,,,,,,,,,
1540.2431640625,3.733452081680298,False,,,,,,,,,,,,,,,
1541.4976806640625,4.7473368644714355,False,,,,,,,,,,,,,,,
1544.046875,18.565284729003906,False,,,,,,,,,,,,,,,
1544.94189453125,2.3435120582580566,False,,,,,,,,,,,,,,,
1545.7686767578125,6.547970771789551,False,,,,,,,,,,,,,,,
1547.1409912109375,13.864876747131348,False,,,,,,,,,,,,,,,
1559.4158935546875,18.763099670410156,False,,,,,,,,,,,,,,,
1568.2637939453125,7.275522232055664,False,,,,,,,,,,,,,,,
1569.48388671875,5.987228870391846,False,,,,,,,,,,,,,,,
1571.599609375,9.165901184082031,False,,,,,,,,,,,,,,,
1572.6165771484375,49.79225158691406,False,,,,,,,,,,,,,,,
1573.63330078125,6.704362869262695,False,,,,,,,,,,,,,,,
1577.1038818359375,7.855888843536377,False,,,,,,,,,,,,,,,
1579.6546630859375,15.046735763549805,False,,,,,,,,,,,,,,,
1586.6273193359375,4.794915199279785,False,,,,,,,,,,,,,,,
1590.5260009765625,65.34292602539062,False,,,,,,,,,,,,,,,
1591.4859619140625,44.2379150390625,False,,,,,,,,,,,,,,,
1597.7293701171875,81.96021270751953,False,,,,,,,,,,,,,,,
1598.8240966796875,69.9593505859375,True,-0.06863459046576281,-42.93001155791049,1.0,y,2.0,18.0,False,0.0,0.0,SFGDLSSASAIM[16]GNPK,1598.7554620892217,False,+y16,0.06863459046576281,42.93001155791049
1608.5380859375,184.2650146484375,False,,,,,,,,,,,,,,,
1609.462158203125,41.348548889160156,False,,,,,,,,,,,,,,,
1610.1058349609375,34.68635177612305,False,,,,,,,,,,,,,,,
1613.638916015625,11.629823684692383,False,,,,,,,,,,,,,,,
1616.5650634765625,2.1338770389556885,True,0.1903986126592372,117.76586943655546,1.0,y,2.0,18.0,False,0.0,18.0,SFGDLSSASAIM[16]GNPK,1616.7554620892217,False,+y16(18),0.1903986126592372,117.76586943655546
1620.35546875,10.17182445526123,False,,,,,,,,,,,,,,,
1625.9263916015625,8.419967651367188,False,,,,,,,,,,,,,,,
1628.5130615234375,10.672645568847656,True,0.11678221953116008,71.70580840073978,1.0,b,0.0,14.0,False,0.0,18.0,[164.07]-FDSFGDLSSASAIM[16],1628.6298437429687,False,+b14(18),0.11678221953116008,71.70580840073978
1630.9576416015625,10.739971160888672,False,,,,,,,,,,,,,,,
1633.547607421875,4.763733863830566,False,,,,,,,,,,,,,,,
1634.6260986328125,2.366058111190796,False,,,,,,,,,,,,,,,
1646.982666015625,21.267290115356445,False,,,,,,,,,,,,,,,
1648.9798583984375,26.819963455200195,False,,,,,,,,,,,,,,,
1661.5714111328125,3.035370111465454,False,,,,,,,,,,,,,,,
1665.6854248046875,52.008628845214844,False,,,,,,,,,,,,,,,
1666.7379150390625,30.760692596435547,False,,,,,,,,,,,,,,,
1667.6407470703125,14.584148406982422,True,0.04049886405800862,24.284535283190685,1.0,b,0.0,15.0,False,0.0,0.0,[164.07]-FDSFGDLSSASAIM[16]G,1667.6812459343705,False,+b15,0.04049886405800862,24.284535283190685
1680.840087890625,11.92833137512207,False,,,,,,,,,,,,,,,
1683.0416259765625,7.551939964294434,False,,,,,,,,,,,,,,,
1683.700439453125,8.729392051696777,False,,,,,,,,,,,,,,,
1690.709228515625,10.300919532775879,False,,,,,,,,,,,,,,,
1692.5528564453125,7.3145270347595215,False,,,,,,,,,,,,,,,
1704.9771728515625,1.493919014930725,False,,,,,,,,,,,,,,,
1712.177001953125,9.987165451049805,False,,,,,,,,,,,,,,,
1712.8424072265625,44.94517135620117,False,,,,,,,,,,,,,,,
1713.6558837890625,31.200359344482422,True,0.18714364177981224,109.19532231627552,1.0,y,1.0,18.0,False,0.0,0.0,DSFGDLSSASAIM[16]GNPK,1713.8430274308423,False,+y17,0.18714364177981224,109.19532231627552
1714.9622802734375,5.6675920486450195,True,-0.1105879266251577,-64.48833279210034,1.0,y,1.0,18.0,False,1.0,0.0,DSFGDLSSASAIM[16]GNPK,1714.8516923468123,False,+y17*,0.1105879266251577,64.48833279210034
1715.9356689453125,34.665313720703125,False,,,,,,,,,,,,,,,
1725.4005126953125,3.3217849731445312,False,,,,,,,,,,,,,,,
1726.815673828125,3.146703004837036,False,,,,,,,,,,,,,,,
1735.1072998046875,5.831262111663818,False,,,,,,,,,,,,,,,
1743.909423828125,61.07859802246094,False,,,,,,,,,,,,,,,
1744.9000244140625,32.70940399169922,False,,,,,,,,,,,,,,,
1745.6929931640625,4.8172101974487305,False,,,,,,,,,,,,,,,
1760.944091796875,19.819503784179688,False,,,,,,,,,,,,,,,
1761.6424560546875,143.82447814941406,False,,,,,,,,,,,,,,,
1762.6036376953125,95.87873077392578,False,,,,,,,,,,,,,,,
1763.625732421875,31.14920425415039,False,,,,,,,,,,,,,,,
1779.663330078125,366.63702392578125,False,,,,,,,,,,,,,,,
1780.6790771484375,305.05181884765625,False,,,,,,,,,,,,,,,
1798.638427734375,6.996553897857666,False,,,,,,,,,,,,,,,
1804.001220703125,26.200654983520508,False,,,,,,,,,,,,,,,
1810.8853759765625,3.2685790061950684,False,,,,,,,,,,,,,,,
1812.4012451171875,3.9879651069641113,False,,,,,,,,,,,,,,,
1813.8338623046875,5.700370788574219,False,,,,,,,,,,,,,,,
1823.732666015625,11.294737815856934,False,,,,,,,,,,,,,,,
1829.043701171875,8.69756031036377,False,,,,,,,,,,,,,,,
1842.471435546875,10.691336631774902,False,,,,,,,,,,,,,,,
1858.7515869140625,2.804527997970581,False,,,,,,,,,,,,,,,
1870.9114990234375,1.7899290323257446,False,,,,,,,,,,,,,,,
1875.0260009765625,10.04263973236084,False,,,,,,,,,,,,,,,
1875.768310546875,1.7930970191955566,False,,,,,,,,,,,,,,,
1895.8492431640625,7.419658184051514,False,,,,,,,,,,,,,,,
